"county","year","ghost_guns_recovered","population","ghost_guns_per_100k","ghost_guns_pct_of_recovered"
"Alameda",2013,0,1575139,0,0
"Alameda",2014,0,1597747,0,0
"Alameda",2015,3,1622205,0.2,0.2
"Alameda",2016,12,1641983,0.7,1
"Alameda",2017,15,1656919,0.9,1.3
"Alameda",2018,30,1666247,1.8,2.6
"Alameda",2019,123,1675964,7.3,8.9
"Alameda",2020,199,1681337,11.8,15.5
"Alameda",2021,446,1666341,26.8,25.4
"Alameda",2022,460,1643683,28,26.6
"Alameda",2023,354,1650656,21.4,21.4
"Alameda",2024,330,1641869,20.1,13.2
"Alpine",2013,0,1180,0,0
"Alpine",2014,0,1185,0,0
"Alpine",2015,0,1190,0,0
"Alpine",2016,0,1196,0,0
"Alpine",2017,0,1201,0,0
"Alpine",2018,0,1205,0,0
"Alpine",2019,0,1201,0,0
"Alpine",2020,0,1204,0,0
"Alpine",2021,0,1195,0,0
"Alpine",2022,0,1190,0,0
"Alpine",2023,0,1183,0,0
"Alpine",2024,0,1179,0,0
"Amador",2013,0,37044,0,0
"Amador",2014,0,37089,0,0
"Amador",2015,0,37453,0,0
"Amador",2016,0,37663,0,0
"Amador",2017,0,38807,0,0
"Amador",2018,0,39708,0,0
"Amador",2019,0,40227,0,0
"Amador",2020,0,40426,0,0
"Amador",2021,2,40047,5,3.1
"Amador",2022,1,40010,2.5,1
"Amador",2023,0,39924,0,0
"Amador",2024,6,39611,15.1,7.5
"Butte",2013,1,224391,0.4,0.2
"Butte",2014,0,225737,0,0
"Butte",2015,0,227400,0,0
"Butte",2016,1,228198,0.4,0.2
"Butte",2017,0,230412,0,0
"Butte",2018,2,231774,0.9,0.4
"Butte",2019,12,227263,5.3,3.8
"Butte",2020,21,216090,9.7,4.1
"Butte",2021,21,207403,10.1,4.8
"Butte",2022,15,206184,7.3,3.7
"Butte",2023,21,206579,10.2,5.9
"Butte",2024,40,205928,19.4,8.7
"Calaveras",2013,0,45499,0,0
"Calaveras",2014,0,45461,0,0
"Calaveras",2015,0,45395,0,0
"Calaveras",2016,0,45402,0,0
"Calaveras",2017,1,45355,2.2,1.3
"Calaveras",2018,0,45367,0,0
"Calaveras",2019,0,45324,0,0
"Calaveras",2020,0,45290,0,0
"Calaveras",2021,1,45259,2.2,1.1
"Calaveras",2022,1,45021,2.2,0.7
"Calaveras",2023,1,44899,2.2,1.3
"Calaveras",2024,5,44842,11.2,8.8
"Colusa",2013,0,21418,0,0
"Colusa",2014,0,21442,0,0
"Colusa",2015,0,21338,0,0
"Colusa",2016,0,21531,0,0
"Colusa",2017,2,21773,9.2,5
"Colusa",2018,0,21808,0,0
"Colusa",2019,2,21745,9.2,8
"Colusa",2020,8,21811,36.7,14
"Colusa",2021,2,21774,9.2,4.9
"Colusa",2022,6,21722,27.6,20
"Colusa",2023,2,21831,9.2,2.7
"Colusa",2024,0,21743,0,0
"Contra Costa",2013,0,1090305,0,0
"Contra Costa",2014,0,1104732,0,0
"Contra Costa",2015,4,1120530,0.4,0.4
"Contra Costa",2016,14,1136478,1.2,1.3
"Contra Costa",2017,4,1147957,0.3,0.4
"Contra Costa",2018,24,1155105,2.1,2.1
"Contra Costa",2019,48,1161077,4.1,4.6
"Contra Costa",2020,212,1164844,18.2,18
"Contra Costa",2021,363,1162336,31.2,25.1
"Contra Costa",2022,312,1149841,27.1,21.4
"Contra Costa",2023,285,1145274,24.9,21.3
"Contra Costa",2024,230,1146626,20.1,17.9
"Del Norte",2013,0,27752,0,0
"Del Norte",2014,0,27341,0,0
"Del Norte",2015,0,26973,0,0
"Del Norte",2016,0,26960,0,0
"Del Norte",2017,0,27158,0,0
"Del Norte",2018,0,27269,0,0
"Del Norte",2019,0,27567,0,0
"Del Norte",2020,0,27702,0,0
"Del Norte",2021,1,27450,3.6,1.8
"Del Norte",2022,0,26982,0,0
"Del Norte",2023,1,26586,3.8,1.4
"Del Norte",2024,0,26345,0,0
"El Dorado",2013,0,179663,0,0
"El Dorado",2014,0,180132,0,0
"El Dorado",2015,0,180914,0,0
"El Dorado",2016,0,181630,0,0
"El Dorado",2017,0,182695,0,0
"El Dorado",2018,0,185303,0,0
"El Dorado",2019,0,186714,0,0
"El Dorado",2020,1,190202,0.5,0.2
"El Dorado",2021,1,190737,0.5,0.4
"El Dorado",2022,5,189294,2.6,2.9
"El Dorado",2023,22,188067,11.7,7.8
"El Dorado",2024,24,188583,12.7,8.5
"Fresno",2013,0,953114,0,0
"Fresno",2014,0,959645,0,0
"Fresno",2015,0,968417,0,0
"Fresno",2016,0,975622,0,0
"Fresno",2017,2,983436,0.2,0.2
"Fresno",2018,6,992091,0.6,0.4
"Fresno",2019,26,1000679,2.6,1.8
"Fresno",2020,65,1006557,6.5,4
"Fresno",2021,216,1008202,21.4,12.2
"Fresno",2022,198,1010177,19.6,11.1
"Fresno",2023,137,1010914,13.6,8.8
"Fresno",2024,142,1017431,14,7.8
"Glenn",2013,0,27914,0,0
"Glenn",2014,0,27946,0,0
"Glenn",2015,0,27966,0,0
"Glenn",2016,2,27714,7.2,6.9
"Glenn",2017,0,27786,0,0
"Glenn",2018,0,27854,0,0
"Glenn",2019,0,27959,0,0
"Glenn",2020,2,28800,6.9,2.3
"Glenn",2021,5,28812,17.4,4.3
"Glenn",2022,1,28777,3.5,3.7
"Glenn",2023,1,28330,3.5,2.9
"Glenn",2024,0,28736,0,0
"Humboldt",2013,0,135810,0,0
"Humboldt",2014,0,135895,0,0
"Humboldt",2015,0,136542,0,0
"Humboldt",2016,0,137015,0,0
"Humboldt",2017,0,138027,0,0
"Humboldt",2018,6,137893,4.4,2
"Humboldt",2019,15,137059,10.9,4.4
"Humboldt",2020,13,136547,9.5,3.5
"Humboldt",2021,17,135130,12.6,3.2
"Humboldt",2022,22,134167,16.4,5.2
"Humboldt",2023,11,134597,8.2,2.5
"Humboldt",2024,21,133100,15.8,5.1
"Imperial",2013,0,177731,0,0
"Imperial",2014,0,178471,0,0
"Imperial",2015,0,179769,0,0
"Imperial",2016,0,179897,0,0
"Imperial",2017,0,180854,0,0
"Imperial",2018,0,181374,0,0
"Imperial",2019,0,181025,0,0
"Imperial",2020,4,180036,2.2,3
"Imperial",2021,6,180403,3.3,3.7
"Imperial",2022,7,180394,3.9,5.2
"Imperial",2023,6,179623,3.3,5.4
"Imperial",2024,1,182881,0.5,1.1
"Inyo",2013,0,18673,0,0
"Inyo",2014,0,18771,0,0
"Inyo",2015,0,18765,0,0
"Inyo",2016,0,18876,0,0
"Inyo",2017,0,18880,0,0
"Inyo",2018,0,18906,0,0
"Inyo",2019,0,18938,0,0
"Inyo",2020,0,18995,0,0
"Inyo",2021,0,18981,0,0
"Inyo",2022,0,18916,0,0
"Inyo",2023,0,18890,0,0
"Inyo",2024,1,18856,5.3,1.7
"Kern",2013,0,861948,0,0
"Kern",2014,0,867021,0,0
"Kern",2015,0,873453,0,0
"Kern",2016,10,876846,1.1,0.5
"Kern",2017,4,883531,0.5,0.2
"Kern",2018,39,891340,4.4,2.5
"Kern",2019,53,898617,5.9,2.8
"Kern",2020,199,907416,21.9,9.5
"Kern",2021,286,905370,31.6,13.3
"Kern",2022,310,908186,34.1,13.6
"Kern",2023,252,906165,27.8,11.5
"Kern",2024,537,910300,59,10.9
"Kings",2013,0,150004,0,0
"Kings",2014,0,148974,0,0
"Kings",2015,0,148817,0,0
"Kings",2016,0,148487,0,0
"Kings",2017,2,148079,1.4,1.7
"Kings",2018,0,150058,0,0
"Kings",2019,7,151918,4.6,3.6
"Kings",2020,6,152249,3.9,4.4
"Kings",2021,31,151157,20.5,19.5
"Kings",2022,58,151654,38.2,31.9
"Kings",2023,52,151629,34.3,21.9
"Kings",2024,74,152627,48.5,31.8
"Lake",2013,0,65928,0,0
"Lake",2014,0,66484,0,0
"Lake",2015,0,66975,0,0
"Lake",2016,0,66991,0,0
"Lake",2017,1,67318,1.5,0.5
"Lake",2018,1,67890,1.5,0.6
"Lake",2019,0,67902,0,0
"Lake",2020,2,68144,2.9,1.3
"Lake",2021,3,67778,4.4,1.6
"Lake",2022,2,67597,3,1
"Lake",2023,1,66698,1.5,0.4
"Lake",2024,5,67001,7.5,2.3
"Lassen",2013,0,33564,0,0
"Lassen",2014,0,32908,0,0
"Lassen",2015,0,32758,0,0
"Lassen",2016,0,32293,0,0
"Lassen",2017,1,32459,3.1,2.4
"Lassen",2018,0,32721,0,0
"Lassen",2019,0,32726,0,0
"Lassen",2020,0,32555,0,0
"Lassen",2021,2,30991,6.5,3.9
"Lassen",2022,1,29809,3.4,1.6
"Lassen",2023,9,28376,31.7,19.6
"Lassen",2024,3,28197,10.6,4.2
"Los Angeles",2013,1,9995638,0,0
"Los Angeles",2014,0,10037944,0,0
"Los Angeles",2015,6,10072887,0.1,0.1
"Los Angeles",2016,22,10087542,0.2,0.2
"Los Angeles",2017,68,10107312,0.7,0.6
"Los Angeles",2018,164,10107841,1.6,1.4
"Los Angeles",2019,292,10067476,2.9,2.4
"Los Angeles",2020,1793,10029036,17.9,13.5
"Los Angeles",2021,3436,9955445,34.5,21.7
"Los Angeles",2022,2082,9861493,21.1,14.3
"Los Angeles",2023,1474,9819312,15,11
"Los Angeles",2024,1110,9824091,11.3,8.5
"Madera",2013,0,150652,0,0
"Madera",2014,1,152067,0.7,0.3
"Madera",2015,1,152930,0.7,0.5
"Madera",2016,0,152819,0,0
"Madera",2017,7,154151,4.5,1.9
"Madera",2018,8,155100,5.2,3.1
"Madera",2019,12,155604,7.7,4.7
"Madera",2020,18,155967,11.5,7.3
"Madera",2021,54,155982,34.6,19.6
"Madera",2022,78,157040,49.7,25.3
"Madera",2023,67,157909,42.4,23.4
"Madera",2024,82,159328,51.5,21.6
"Marin",2013,0,258815,0,0
"Marin",2014,0,261931,0,0
"Marin",2015,0,263888,0,0
"Marin",2016,0,264554,0,0
"Marin",2017,1,264366,0.4,0.9
"Marin",2018,1,264099,0.4,1.4
"Marin",2019,6,263645,2.3,4.7
"Marin",2020,12,262802,4.6,10.3
"Marin",2021,34,259721,13.1,24.8
"Marin",2022,32,255459,12.5,25.8
"Marin",2023,19,253972,7.5,19
"Marin",2024,18,252844,7.1,10.7
"Mariposa",2013,0,17936,0,0
"Mariposa",2014,0,17865,0,0
"Mariposa",2015,0,17724,0,0
"Mariposa",2016,0,17625,0,0
"Mariposa",2017,0,17501,0,0
"Mariposa",2018,0,17398,0,0
"Mariposa",2019,0,17242,0,0
"Mariposa",2020,0,17156,0,0
"Mariposa",2021,0,17070,0,0
"Mariposa",2022,0,16988,0,0
"Mariposa",2023,0,16968,0,0
"Mariposa",2024,0,16966,0,0
"Mendocino",2013,0,89320,0,0
"Mendocino",2014,0,89569,0,0
"Mendocino",2015,0,90018,0,0
"Mendocino",2016,5,90761,5.5,1.9
"Mendocino",2017,0,91368,0,0
"Mendocino",2018,1,91667,1.1,0.4
"Mendocino",2019,0,91733,0,0
"Mendocino",2020,16,91639,17.5,6
"Mendocino",2021,32,90910,35.2,13.4
"Mendocino",2022,39,90227,43.2,14.4
"Mendocino",2023,30,89556,33.5,11
"Mendocino",2024,24,89476,26.8,11.4
"Merced",2013,0,263501,0,0
"Merced",2014,0,264670,0,0
"Merced",2015,0,266740,0,0
"Merced",2016,0,268527,0,0
"Merced",2017,0,271094,0,0
"Merced",2018,1,274768,0.4,0.2
"Merced",2019,6,277693,2.2,1.3
"Merced",2020,10,280290,3.6,2.6
"Merced",2021,34,280944,12.1,7.3
"Merced",2022,100,284038,35.2,19.6
"Merced",2023,104,285193,36.5,19.6
"Merced",2024,69,287303,24,17.5
"Modoc",2013,0,9408,0,0
"Modoc",2014,0,9312,0,0
"Modoc",2015,0,9212,0,0
"Modoc",2016,0,9130,0,0
"Modoc",2017,0,8979,0,0
"Modoc",2018,0,8943,0,0
"Modoc",2019,0,8880,0,0
"Modoc",2020,0,8722,0,0
"Modoc",2021,0,8608,0,0
"Modoc",2022,0,8547,0,0
"Modoc",2023,0,8501,0,0
"Modoc",2024,0,8484,0,0
"Mono",2013,0,13865,0,0
"Mono",2014,0,13712,0,0
"Mono",2015,0,13674,0,0
"Mono",2016,0,13412,0,0
"Mono",2017,0,13425,0,0
"Mono",2018,0,13319,0,0
"Mono",2019,0,13305,0,0
"Mono",2020,0,13205,0,0
"Mono",2021,0,13191,0,0
"Mono",2022,0,12987,0,0
"Mono",2023,1,13193,7.6,7.1
"Mono",2024,0,12861,0,0
"Monterey",2013,0,425742,0,0
"Monterey",2014,0,427425,0,0
"Monterey",2015,0,429887,0,0
"Monterey",2016,0,434712,0,0
"Monterey",2017,1,437800,0.2,0.3
"Monterey",2018,2,438000,0.5,0.3
"Monterey",2019,7,439477,1.6,1.4
"Monterey",2020,21,439590,4.8,3.2
"Monterey",2021,74,436803,16.9,14.7
"Monterey",2022,101,436033,23.2,12.8
"Monterey",2023,124,433953,28.6,28.4
"Monterey",2024,99,437614,22.6,15.2
"Napa",2013,0,138808,0,0
"Napa",2014,0,140114,0,0
"Napa",2015,0,140654,0,0
"Napa",2016,1,141119,0.7,0.8
"Napa",2017,0,140837,0,0
"Napa",2018,2,139786,1.4,1.7
"Napa",2019,9,138982,6.5,7.4
"Napa",2020,14,138304,10.1,9.7
"Napa",2021,23,137128,16.8,10.8
"Napa",2022,54,135564,39.8,25
"Napa",2023,37,134508,27.5,22.7
"Napa",2024,39,135029,28.9,21.4
"Nevada",2013,0,99116,0,0
"Nevada",2014,0,99490,0,0
"Nevada",2015,0,100341,0,0
"Nevada",2016,0,100793,0,0
"Nevada",2017,1,100998,1,0.7
"Nevada",2018,1,101640,1,0.8
"Nevada",2019,0,101719,0,0
"Nevada",2020,6,102259,5.9,5.9
"Nevada",2021,3,101985,2.9,1.6
"Nevada",2022,5,101080,4.9,6.6
"Nevada",2023,2,100474,2,2.1
"Nevada",2024,6,100177,6,3.6
"Orange",2013,0,3105236,0,0
"Orange",2014,6,3125985,0.2,0.5
"Orange",2015,1,3148491,0,0.1
"Orange",2016,8,3165028,0.3,0.4
"Orange",2017,15,3185541,0.5,0.8
"Orange",2018,12,3192479,0.4,0.8
"Orange",2019,47,3192408,1.5,2.9
"Orange",2020,195,3188326,6.1,10.9
"Orange",2021,506,3172352,16,22.9
"Orange",2022,490,3158071,15.5,21.6
"Orange",2023,402,3141065,12.8,19.7
"Orange",2024,350,3150835,11.1,16.9
"Placer",2013,0,365195,0,0
"Placer",2014,0,369910,0,0
"Placer",2015,0,373578,0,0
"Placer",2016,5,379143,1.3,1.4
"Placer",2017,1,386586,0.3,0.4
"Placer",2018,5,392693,1.3,1.5
"Placer",2019,4,399659,1,1
"Placer",2020,35,403822,8.7,7.5
"Placer",2021,77,406443,18.9,12.3
"Placer",2022,64,407539,15.7,16.4
"Placer",2023,54,410085,13.2,16.1
"Placer",2024,40,412844,9.7,8.6
"Plumas",2013,0,19345,0,0
"Plumas",2014,0,19120,0,0
"Plumas",2015,0,19035,0,0
"Plumas",2016,0,19017,0,0
"Plumas",2017,0,19365,0,0
"Plumas",2018,0,19388,0,0
"Plumas",2019,0,19655,0,0
"Plumas",2020,0,19780,0,0
"Plumas",2021,0,19626,0,0
"Plumas",2022,0,19254,0,0
"Plumas",2023,1,18993,5.3,2.9
"Plumas",2024,0,18841,0,0
"Riverside",2013,0,2260809,0,0
"Riverside",2014,0,2280208,0,0
"Riverside",2015,13,2302000,0.6,0.5
"Riverside",2016,4,2326213,0.2,0.2
"Riverside",2017,11,2355286,0.5,0.5
"Riverside",2018,19,2375547,0.8,0.8
"Riverside",2019,50,2394094,2.1,2
"Riverside",2020,228,2412908,9.4,7.6
"Riverside",2021,465,2419165,19.2,14
"Riverside",2022,726,2427832,29.9,18.9
"Riverside",2023,627,2428580,25.8,16.7
"Riverside",2024,459,2442378,18.8,13.8
"Sacramento",2013,0,1461786,0,0
"Sacramento",2014,0,1476829,0,0
"Sacramento",2015,7,1495130,0.5,0.3
"Sacramento",2016,23,1511942,1.5,1
"Sacramento",2017,24,1530548,1.6,0.9
"Sacramento",2018,46,1547095,3,1.8
"Sacramento",2019,78,1562887,5,3.4
"Sacramento",2020,206,1580826,13,8
"Sacramento",2021,392,1580120,24.8,13.2
"Sacramento",2022,597,1572254,38,19.8
"Sacramento",2023,551,1576639,34.9,18.8
"Sacramento",2024,446,1578938,28.2,17
"San Benito",2013,0,57386,0,0
"San Benito",2014,0,58212,0,0
"San Benito",2015,0,58839,0,0
"San Benito",2016,0,59563,0,0
"San Benito",2017,0,60499,0,0
"San Benito",2018,1,61143,1.6,2.7
"San Benito",2019,8,62734,12.8,13.1
"San Benito",2020,2,63931,3.1,3.9
"San Benito",2021,12,64642,18.6,10.2
"San Benito",2022,32,65642,48.7,31.7
"San Benito",2023,14,65165,21.5,13.9
"San Benito",2024,13,65853,19.7,20.3
"San Bernardino",2013,0,2085599,0,0
"San Bernardino",2014,0,2096526,0,0
"San Bernardino",2015,0,2114182,0,0
"San Bernardino",2016,17,2124990,0.8,0.5
"San Bernardino",2017,23,2142339,1.1,0.6
"San Bernardino",2018,42,2153258,2,1.2
"San Bernardino",2019,102,2169538,4.7,2.9
"San Bernardino",2020,740,2179505,34,15.6
"San Bernardino",2021,1494,2179006,68.6,25
"San Bernardino",2022,1577,2179845,72.3,25.8
"San Bernardino",2023,1299,2172694,59.8,21.2
"San Bernardino",2024,1104,2181433,50.6,17.7
"San Diego",2013,1,3190323,0,0.1
"San Diego",2014,3,3219710,0.1,0.2
"San Diego",2015,8,3248180,0.2,0.4
"San Diego",2016,32,3263004,1,1.4
"San Diego",2017,51,3279856,1.6,2.1
"San Diego",2018,115,3294139,3.5,4
"San Diego",2019,210,3302865,6.4,8.4
"San Diego",2020,488,3297350,14.8,19.2
"San Diego",2021,1168,3286880,35.5,32
"San Diego",2022,878,3278730,26.8,27.6
"San Diego",2023,718,3290423,21.8,21.8
"San Diego",2024,527,3291101,16,20.4
"San Francisco",2013,0,839556,0,0
"San Francisco",2014,0,846661,0,0
"San Francisco",2015,0,855489,0,0
"San Francisco",2016,2,861977,0.2,0.3
"San Francisco",2017,16,867378,1.8,2.7
"San Francisco",2018,44,872724,5,5.4
"San Francisco",2019,72,872219,8.3,13.9
"San Francisco",2020,161,873444,18.4,28.9
"San Francisco",2021,199,855338,23.3,29.1
"San Francisco",2022,219,840575,26.1,30.9
"San Francisco",2023,176,842224,20.9,26
"San Francisco",2024,180,843071,21.4,24
"San Joaquin",2013,0,705545,0,0
"San Joaquin",2014,0,712387,0,0
"San Joaquin",2015,1,724185,0.1,0.1
"San Joaquin",2016,0,735670,0,0
"San Joaquin",2017,17,747119,2.3,1.2
"San Joaquin",2018,14,755573,1.9,1
"San Joaquin",2019,93,767324,12.1,6.3
"San Joaquin",2020,213,776794,27.4,14.3
"San Joaquin",2021,343,780320,44,19.1
"San Joaquin",2022,309,782163,39.5,20.4
"San Joaquin",2023,289,783903,36.9,19
"San Joaquin",2024,257,791408,32.5,14.1
"San Luis Obispo",2013,0,275482,0,0
"San Luis Obispo",2014,0,278272,0,0
"San Luis Obispo",2015,0,279620,0,0
"San Luis Obispo",2016,1,281046,0.4,0.3
"San Luis Obispo",2017,0,282284,0,0
"San Luis Obispo",2018,0,282754,0,0
"San Luis Obispo",2019,8,282935,2.8,3.2
"San Luis Obispo",2020,18,282484,6.4,8.3
"San Luis Obispo",2021,27,278737,9.7,11.6
"San Luis Obispo",2022,48,279439,17.2,15.6
"San Luis Obispo",2023,80,279818,28.6,9.2
"San Luis Obispo",2024,58,278469,20.8,15.5
"San Mateo",2013,0,745842,0,0
"San Mateo",2014,1,751906,0.1,0.2
"San Mateo",2015,2,758673,0.3,0.5
"San Mateo",2016,3,763530,0.4,0.6
"San Mateo",2017,7,765207,0.9,1.7
"San Mateo",2018,7,766114,0.9,2
"San Mateo",2019,50,765726,6.5,11
"San Mateo",2020,51,765009,6.7,11.7
"San Mateo",2021,95,756636,12.6,16
"San Mateo",2022,112,742051,15.1,19.8
"San Mateo",2023,89,745302,11.9,18.4
"San Mateo",2024,90,741565,12.1,15.8
"Santa Barbara",2013,0,432485,0,0
"Santa Barbara",2014,0,437066,0,0
"Santa Barbara",2015,0,440902,0,0
"Santa Barbara",2016,3,444102,0.7,0.7
"Santa Barbara",2017,4,445716,0.9,0.9
"Santa Barbara",2018,5,447377,1.1,1
"Santa Barbara",2019,9,447907,2,2.1
"Santa Barbara",2020,26,448408,5.8,5.8
"Santa Barbara",2021,31,441552,7,5.7
"Santa Barbara",2022,71,443074,16,19.7
"Santa Barbara",2023,59,442342,13.3,12.9
"Santa Barbara",2024,46,443623,10.4,13.3
"Santa Clara",2013,0,1861489,0,0
"Santa Clara",2014,0,1883691,0,0
"Santa Clara",2015,1,1907380,0.1,0.1
"Santa Clara",2016,0,1923243,0,0
"Santa Clara",2017,6,1930897,0.3,0.7
"Santa Clara",2018,9,1936569,0.5,1
"Santa Clara",2019,29,1936821,1.5,3.1
"Santa Clara",2020,60,1936352,3.1,5.4
"Santa Clara",2021,80,1913779,4.2,7.7
"Santa Clara",2022,80,1895752,4.2,7.6
"Santa Clara",2023,94,1902799,4.9,9.3
"Santa Clara",2024,78,1903198,4.1,8.1
"Santa Cruz",2013,0,269714,0,0
"Santa Cruz",2014,0,271559,0,0
"Santa Cruz",2015,0,274207,0,0
"Santa Cruz",2016,5,275625,1.8,1.5
"Santa Cruz",2017,10,275410,3.6,2.8
"Santa Cruz",2018,13,274274,4.7,4.6
"Santa Cruz",2019,20,272618,7.3,5.9
"Santa Cruz",2020,56,271259,20.6,12.9
"Santa Cruz",2021,92,265533,34.6,24.1
"Santa Cruz",2022,63,264495,23.8,22.6
"Santa Cruz",2023,42,263338,15.9,11.6
"Santa Cruz",2024,49,262572,18.7,16.1
"Shasta",2013,0,180106,0,0
"Shasta",2014,0,180826,0,0
"Shasta",2015,0,181253,0,0
"Shasta",2016,0,180374,0,0
"Shasta",2017,0,180810,0,0
"Shasta",2018,3,181792,1.7,0.8
"Shasta",2019,5,181573,2.8,1.5
"Shasta",2020,1,181926,0.5,0.3
"Shasta",2021,12,181483,6.6,3.2
"Shasta",2022,33,180206,18.3,7.2
"Shasta",2023,34,179122,19,6.8
"Shasta",2024,26,179195,14.5,4.6
"Sierra",2013,0,3225,0,0
"Sierra",2014,0,3218,0,0
"Sierra",2015,0,3214,0,0
"Sierra",2016,0,3222,0,0
"Sierra",2017,0,3236,0,0
"Sierra",2018,0,3243,0,0
"Sierra",2019,0,3241,0,0
"Sierra",2020,0,3235,0,0
"Sierra",2021,0,3225,0,0
"Sierra",2022,0,3205,0,0
"Sierra",2023,0,3187,0,0
"Sierra",2024,0,3171,0,0
"Siskiyou",2013,0,44726,0,0
"Siskiyou",2014,0,44674,0,0
"Siskiyou",2015,0,44550,0,0
"Siskiyou",2016,0,44497,0,0
"Siskiyou",2017,0,44377,0,0
"Siskiyou",2018,0,44315,0,0
"Siskiyou",2019,2,44273,4.5,1.6
"Siskiyou",2020,1,44111,2.3,0.7
"Siskiyou",2021,3,43905,6.8,1.9
"Siskiyou",2022,11,43571,25.2,8
"Siskiyou",2023,7,43479,16.1,4.7
"Siskiyou",2024,14,43409,32.3,8.2
"Solano",2013,0,423373,0,0
"Solano",2014,0,428671,0,0
"Solano",2015,1,433545,0.2,0.2
"Solano",2016,1,438420,0.2,0.1
"Solano",2017,3,444713,0.7,0.5
"Solano",2018,16,447744,3.6,3
"Solano",2019,38,450545,8.4,6.1
"Solano",2020,99,452957,21.9,13.5
"Solano",2021,138,450122,30.7,15.4
"Solano",2022,147,447027,32.9,20
"Solano",2023,133,445506,29.9,22.1
"Solano",2024,112,446426,25.1,20
"Sonoma",2013,0,492751,0,0
"Sonoma",2014,0,496615,0,0
"Sonoma",2015,0,499963,0,0
"Sonoma",2016,1,501553,0.2,0.3
"Sonoma",2017,10,502454,2,2.3
"Sonoma",2018,7,499410,1.4,1.9
"Sonoma",2019,25,494708,5.1,6.1
"Sonoma",2020,50,490008,10.2,12.5
"Sonoma",2021,89,484459,18.4,20.1
"Sonoma",2022,132,479654,27.5,23.6
"Sonoma",2023,79,479445,16.5,13.7
"Sonoma",2024,175,478152,36.6,25.2
"Stanislaus",2013,0,525173,0,0
"Stanislaus",2014,0,528123,0,0
"Stanislaus",2015,0,532534,0,0
"Stanislaus",2016,4,537785,0.7,0.5
"Stanislaus",2017,16,545273,2.9,1.8
"Stanislaus",2018,26,548363,4.7,3.1
"Stanislaus",2019,69,550947,12.5,6.2
"Stanislaus",2020,105,552488,19,10.7
"Stanislaus",2021,230,551342,41.7,21.6
"Stanislaus",2022,250,548215,45.6,20
"Stanislaus",2023,214,545753,39.2,19.3
"Stanislaus",2024,252,548744,45.9,22.5
"Sutter",2013,0,94496,0,0
"Sutter",2014,0,95103,0,0
"Sutter",2015,0,95421,0,0
"Sutter",2016,0,96065,0,0
"Sutter",2017,0,97649,0,0
"Sutter",2018,0,99498,0,0
"Sutter",2019,0,101531,0,0
"Sutter",2020,8,100058,8,6.2
"Sutter",2021,17,99089,17.2,8.8
"Sutter",2022,25,99153,25.2,13.2
"Sutter",2023,18,98248,18.3,15.9
"Sutter",2024,5,100110,5,3.8
"Tehama",2013,0,63257,0,0
"Tehama",2014,0,63067,0,0
"Tehama",2015,0,63405,0,0
"Tehama",2016,0,64017,0,0
"Tehama",2017,2,64304,3.1,1.2
"Tehama",2018,0,64789,0,0
"Tehama",2019,0,65030,0,0
"Tehama",2020,1,65674,1.5,0.7
"Tehama",2021,0,65336,0,0
"Tehama",2022,2,64942,3.1,2.1
"Tehama",2023,9,64710,13.9,6
"Tehama",2024,16,64308,24.9,10.3
"Trinity",2013,0,14442,0,0
"Trinity",2014,0,14692,0,0
"Trinity",2015,0,14906,0,0
"Trinity",2016,0,15136,0,0
"Trinity",2017,0,15381,0,0
"Trinity",2018,1,15642,6.4,0.7
"Trinity",2019,0,15898,0,0
"Trinity",2020,2,16070,12.4,2.8
"Trinity",2021,2,16054,12.5,2.4
"Trinity",2022,5,15971,31.3,3.7
"Trinity",2023,3,15944,18.8,3.5
"Trinity",2024,4,15915,25.1,7.7
"Tulare",2013,0,453530,0,0
"Tulare",2014,0,455774,0,0
"Tulare",2015,0,458186,0,0
"Tulare",2016,0,461170,0,0
"Tulare",2017,1,463514,0.2,0.1
"Tulare",2018,5,466766,1.1,0.7
"Tulare",2019,11,469228,2.3,1.5
"Tulare",2020,15,472371,3.2,2.1
"Tulare",2021,77,474000,16.2,9.6
"Tulare",2022,108,474624,22.8,12.2
"Tulare",2023,128,474680,27,15.8
"Tulare",2024,96,478918,20,11.6
"Tuolumne",2013,0,55109,0,0
"Tuolumne",2014,0,55315,0,0
"Tuolumne",2015,0,54956,0,0
"Tuolumne",2016,0,55303,0,0
"Tuolumne",2017,0,55133,0,0
"Tuolumne",2018,0,55213,0,0
"Tuolumne",2019,1,55074,1.8,1.3
"Tuolumne",2020,0,55529,0,0
"Tuolumne",2021,0,54827,0,0
"Tuolumne",2022,1,54500,1.8,2.4
"Tuolumne",2023,8,54626,14.6,9.1
"Tuolumne",2024,2,54407,3.7,2.8
"Ventura",2013,0,841501,0,0
"Ventura",2014,0,846456,0,0
"Ventura",2015,2,849950,0.2,0.2
"Ventura",2016,0,851155,0,0
"Ventura",2017,1,850424,0.1,0.1
"Ventura",2018,11,850604,1.3,1.3
"Ventura",2019,25,847064,3,2.9
"Ventura",2020,113,844339,13.4,11.4
"Ventura",2021,191,839916,22.7,20.7
"Ventura",2022,214,831531,25.7,22.2
"Ventura",2023,174,825960,21.1,16.9
"Ventura",2024,155,823863,18.8,14.3
"Yolo",2013,0,206386,0,0
"Yolo",2014,0,206708,0,0
"Yolo",2015,0,208343,0,0
"Yolo",2016,0,211938,0,0
"Yolo",2017,1,214387,0.5,0.2
"Yolo",2018,1,215708,0.5,0.3
"Yolo",2019,8,215874,3.7,5.7
"Yolo",2020,7,216306,3.2,4.7
"Yolo",2021,25,214911,11.6,16.2
"Yolo",2022,24,220176,10.9,14.2
"Yolo",2023,30,220454,13.6,16.9
"Yolo",2024,21,221666,9.5,9
"Yuba",2013,0,74114,0,0
"Yuba",2014,0,74755,0,0
"Yuba",2015,0,75374,0,0
"Yuba",2016,0,76245,0,0
"Yuba",2017,0,77751,0,0
"Yuba",2018,0,78751,0,0
"Yuba",2019,0,79619,0,0
"Yuba",2020,0,81178,0,0
"Yuba",2021,22,81917,26.9,11.2
"Yuba",2022,9,82234,10.9,6
"Yuba",2023,9,82814,10.9,4.5
"Yuba",2024,1,83721,1.2,0.9